<?xml version="1.0" encoding="utf-8"?>
<!DOCTYPE hibernate-configuration SYSTEM "http://www.hibernate.org/dtd/hibernate-configuration-3.0.dtd">

<hibernate-configuration>
<session-factory>
    <property name="hibernate.dialect">org.hibernate.dialect.MySQLDialect</property>
    <property name="hibernate.connection.driver_class">com.mysql.cj.jdbc.Driver</property>
    <property name="hibernate.connection.username">danh</property>
    <property name="hibernate.connection.password">123123</property>
    <property name="hibernate.connection.url">jdbc:mysql://localhost:3306/getman</property>
    <property name="show_sql">true</property>
    <property name="format_sql">false</property>
    <mapping class="com.example.getman.data.remote.model.UserEntity"/>
</session-factory>
</hibernate-configuration>